{
  "accuracy": 0.995,
  "labels": [
    "Hire",
    "Reject"
  ],
  "dataset_path": "data/AI_Resume_Screening.csv",
  "target_column": "Category (mapped from Recruiter Decision for structured dataset)",
  "confusion_matrix": [
    [
      162,
      0
    ],
    [
      1,
      37
    ]
  ],
  "report": {
    "Hire": {
      "precision": 0.9938650306748467,
      "recall": 1.0,
      "f1-score": 0.9969230769230769,
      "support": 162.0
    },
    "Reject": {
      "precision": 1.0,
      "recall": 0.9736842105263158,
      "f1-score": 0.9866666666666667,
      "support": 38.0
    },
    "accuracy": 0.995,
    "macro avg": {
      "precision": 0.9969325153374233,
      "recall": 0.986842105263158,
      "f1-score": 0.9917948717948718,
      "support": 200.0
    },
    "weighted avg": {
      "precision": 0.9950306748466258,
      "recall": 0.995,
      "f1-score": 0.994974358974359,
      "support": 200.0
    }
  },
  "vectorizer": {
    "max_features": 8000,
    "ngram_range": [
      1,
      2
    ],
    "min_df": 2
  },
  "model": {
    "type": "LogisticRegression",
    "class_weight": "balanced",
    "max_iter": 2000
  }
}